{"accuracy": [0.6062451004981995, 0.8650686144828796, 0.917533278465271, 0.9432961344718933, 0.9571946859359741, 0.9664983153343201, 0.9723593592643738, 0.9760864973068237, 0.9804680347442627, 0.9811792969703674], "loss": [1.3330796957015991, 0.42626774311065674, 0.2552788555622101, 0.1723487824201584, 0.13153128325939178, 0.10092411190271378, 0.08376472443342209, 0.07306811958551407, 0.060508016496896744, 0.05849335715174675], "val_accuracy": [0.82659912109375, 0.9067835211753845, 0.9199294447898865, 0.9557250142097473, 0.9614158868789673, 0.954131543636322, 0.9553266763687134, 0.9587411880493164, 0.9556680917739868, 0.9660254716873169], "val_loss": [0.5568413138389587, 0.2882513105869293, 0.2507428228855133, 0.13672830164432526, 0.12642356753349304, 0.1523934006690979, 0.1462690532207489, 0.1399286687374115, 0.15817159414291382, 0.12350615859031677]}